"","Time Stamp","V2","Rank"
"1",1,4.97017892644135e-05,1
"2",2,4.97017892644135e-05,1
"3",3,4.97017892644135e-05,1
"4",4,4.97017892644135e-05,1
"5",5,4.97017892644135e-05,1
"6",6,4.97017892644135e-05,1
"7",7,4.97017892644135e-05,1
"8",8,4.97017892644135e-05,1
"9",9,4.97017892644135e-05,1
"10",10,4.97017892644135e-05,1
"11",11,4.97017892644135e-05,1
"12",12,4.97017892644135e-05,1
"13",13,4.97017892644135e-05,1
"14",14,0.000400798297988366,1182
"15",15,0.000650586574639405,1766
"16",16,0.000609196135583993,1718
"17",17,0.000655115566484694,1772
"18",18,0.000642893161259773,1756
"19",19,0.000713332971636065,1871
"20",20,0.000544697021994576,1556
"21",21,4.97017892644135e-05,1
"22",22,4.97017892644135e-05,1
"23",23,4.97017892644135e-05,1
"24",24,4.97017892644135e-05,1
"25",25,8.0846592350974e-05,931
"26",26,4.97017892644135e-05,1
"27",27,4.97017892644135e-05,1
"28",28,4.97017892644135e-05,1
"29",29,4.97017892644135e-05,1
"30",30,4.97017892644135e-05,1
"31",31,4.97017892644135e-05,1
"32",32,4.97017892644135e-05,1
"33",33,4.97017892644135e-05,1
"34",34,4.97017892644135e-05,1
"35",35,4.97017892644135e-05,1
"36",36,4.97017892644135e-05,1
"37",37,4.97017892644135e-05,1
"38",38,4.97017892644135e-05,1
"39",39,4.97017892644135e-05,1
"40",40,4.97017892644135e-05,1
"41",41,4.97017892644135e-05,1
"42",42,4.97017892644135e-05,1
"43",43,4.97017892644135e-05,1
"44",44,0.000146837288696049,1040
"45",45,4.97017892644135e-05,1
"46",46,4.97017892644135e-05,1
"47",47,4.97017892644135e-05,1
"48",48,4.97017892644135e-05,1
"49",49,4.97017892644135e-05,1
"50",50,4.97017892644135e-05,1
"51",51,4.97017892644135e-05,1
"52",52,4.97017892644135e-05,1
"53",53,4.97017892644135e-05,1
"54",54,4.97017892644135e-05,1
"55",55,4.97017892644135e-05,1
"56",56,4.97017892644135e-05,1
"57",57,4.97017892644135e-05,1
"58",58,4.97017892644135e-05,1
"59",59,0.000410660832032787,1187
"60",60,0.000390656288360006,1173
"61",61,0.000342990575960293,1148
"62",62,0.000295657013658424,1119
"63",63,0.000359510248741581,1158
"64",64,0.000381378674315398,1169
"65",65,0.000712566581241943,1863
"66",66,4.97017892644135e-05,1
"67",67,4.97017892644135e-05,1
"68",68,4.97017892644135e-05,1
"69",69,4.97017892644135e-05,1
"70",70,4.97017892644135e-05,1
"71",71,4.97017892644135e-05,1
"72",72,4.97017892644135e-05,1
"73",73,4.97017892644135e-05,1
"74",74,4.97017892644135e-05,1
"75",75,4.97017892644135e-05,1
"76",76,4.97017892644135e-05,1
"77",77,4.97017892644135e-05,1
"78",78,0.000108052557378465,994
"79",79,0.000122361378752791,1014
"80",80,4.97017892644135e-05,1
"81",81,4.97017892644135e-05,1
"82",82,7.54265374303981e-05,923
"83",83,4.97017892644135e-05,1
"84",84,4.97017892644135e-05,1
"85",85,0.000174604534213655,1057
"86",86,0.000500086825785887,1395
"87",87,0.000511735423414409,1430
"88",88,0.000574876612703527,1666
"89",89,0.00100197292962097,1993
"90",90,0.000545448395687081,1558
"91",91,0.000882961924198,1926
"92",92,0.000466404073464428,1245
"93",93,0.00080114653509356,1897
"94",94,0.000748377379626844,1879
"95",95,0.000821673428337344,1901
"96",96,0.000693240627646835,1813
"97",97,4.97017892644135e-05,1
"98",98,4.97017892644135e-05,1
"99",99,4.97017892644135e-05,1
"100",100,4.97017892644135e-05,1
"101",101,4.97017892644135e-05,1
"102",102,0.000174323400638927,1055
"103",103,0.000706800064958001,1836
"104",104,0.000712949896537308,1869
"105",105,0.000443671403961349,1212
"106",106,0.000709172810780022,1842
"107",107,0.000535193311857926,1524
"108",108,0.000213240419770151,1077
"109",109,0.000152356217176988,1045
"110",110,0.000486079053248979,1345
"111",111,0.00032295838655551,1137
"112",112,0.000187189510060414,1066
"113",113,0.000698189935763416,1821
"114",114,0.000527142449809809,1474
"115",115,0.000662453656887342,1778
"116",116,0.000528299483177976,1490
"117",117,0.000537717972617613,1534
"118",118,0.000581178558736017,1689
"119",119,0.000713332971636065,1871
"120",120,0.000832615430042107,1905
"121",121,0.000843854983853176,1910
"122",122,0.000693865574948156,1814
"123",123,0.00095991996028614,1960
"124",124,0.000807832670657473,1899
"125",125,0.000697239058628867,1818
"126",126,0.000502153549410324,1404
"127",127,0.000708639360183046,1841
"128",128,0.000535364644459596,1526
"129",129,0.000294345307990234,1117
"130",130,0.000469643118856782,1269
"131",131,0.000529277614830463,1499
"132",132,0.000707447236213834,1838
"133",133,0.000998629451342446,1985
"134",134,0.000471356495094047,1282
"135",135,0.000556840650488682,1588
"136",136,0.000572504314985948,1644
"137",137,0.000548044199630919,1567
"138",138,0.000680041735453415,1793
"139",139,0.000485631883821414,1342
"140",140,0.000344135795603354,1149
"141",141,0.000678269911412307,1791
"142",142,0.000709337834830816,1844
"143",143,0.000712280446729251,1862
"144",144,0.000543824454721007,1551
"145",145,0.000527945959798572,1488
"146",146,0.000701071123309247,1829
"147",147,0.000569009423191649,1621
"148",148,0.000909863126631834,1935
"149",149,0.000750979777152951,1881
"150",150,0.00053444273430341,1521
"151",151,0.000766543512240279,1886
"152",152,0.000769207318743191,1888
"153",153,0.000556568339461633,1587
"154",154,0.00071137544684161,1856
"155",155,0.000699831413443835,1823
"156",156,0.000301060570686337,1124
"157",157,0.000239050738280361,1087
"158",158,0.000147788031209077,1042
"159",159,0.000455126013736486,1219
"160",160,4.97017892644135e-05,1
"161",161,4.97017892644135e-05,1
"162",162,0.000599582493043838,1709
"163",163,0.000362434595020068,1161
"164",164,4.97017892644135e-05,1
"165",165,0.000224885836125161,1081
"166",166,0.000442704659022454,1209
"167",167,0.000313702769161753,1128
"168",168,0.000297302285700587,1121
"169",169,0.000430115411558469,1194
"170",170,0.000671529731745399,1785
"171",171,0.000677563318344412,1789
"172",172,0.000588767312170133,1698
"173",173,0.000890341469579381,1930
"174",174,0.000733626553877534,1874
"175",175,0.000508273463393073,1421
"176",176,0.000569584757621335,1624
"177",177,0.000560574243903557,1602
"178",178,0.000229640306691129,1084
"179",179,0.000248548662126062,1097
"180",180,0.000573186293826692,1649
"181",181,0.000486840481904076,1347
"182",182,0.000645527637307269,1762
"183",183,0.000954667523030461,1957
"184",184,0.000527224939681086,1478
"185",185,0.00100038462593258,1989
"186",186,0.000505451277759478,1415
"187",187,9.38527961402687e-05,944
"188",188,4.97017892644135e-05,1
"189",189,4.97017892644135e-05,1
"190",190,4.97017892644135e-05,1
"191",191,4.97017892644135e-05,1
"192",192,4.97017892644135e-05,1
"193",193,4.97017892644135e-05,1
"194",194,4.97017892644135e-05,1
"195",195,4.97017892644135e-05,1
"196",196,4.97017892644135e-05,1
"197",197,0.000250179956192313,1098
"198",198,0.000108561512844546,998
"199",199,4.97017892644135e-05,1
"200",200,4.97017892644135e-05,1
"201",201,6.27753399601211e-05,906
"202",202,5.39954595387915e-05,890
"203",203,6.26628999999529e-05,905
"204",204,0.000628566737462058,1737
"205",205,0.000572341383761335,1640
"206",206,0.000526869271998659,1462
"207",207,0.00052692766003663,1465
"208",208,0.000636592053758862,1746
"209",209,0.000252737707319998,1100
"210",210,0.00043194277469219,1199
"211",211,0.000527169216784808,1476
"212",212,0.000528411754505868,1491
"213",213,0.000655059447808556,1771
"214",214,0.000656441369947578,1773
"215",215,0.000336240430776804,1146
"216",216,4.97017892644135e-05,1
"217",217,4.97017892644135e-05,1
"218",218,0.000146715945430104,1038
"219",219,0.000536707380677086,1529
"220",220,0.000468004060854184,1260
"221",221,0.000188929708362166,1071
"222",222,0.000122862473868952,1015
"223",223,0.000129418165298219,1022
"224",224,4.97017892644135e-05,1
"225",225,0.000639300129202163,1750
"226",226,0.000862344099438338,1917
"227",227,0.000527204697506861,1477
"228",228,0.000681664004673518,1798
"229",229,0.000477471790965981,1307
"230",230,0.000684948406029147,1802
"231",231,0.000618298782171303,1727
"232",232,0.000526976201780515,1471
"233",233,0.000986317871721165,1976
"234",234,0.000844804190369058,1913
"235",235,0.000493220711187201,1372
"236",236,0.000491288640456259,1368
"237",237,0.000978415970596428,1970
"238",238,0.000888706972714141,1929
"239",239,0.000820927987759638,1900
"240",240,0.000613707977150383,1724
"241",241,0.00060366177433263,1715
"242",242,0.000686639386327309,1803
"243",243,0.000527718527212881,1486
"244",244,0.00071198075595552,1859
"245",245,0.000642723224516886,1755
"246",246,0.000700000398547521,1824
"247",247,0.000701071123309247,1829
"248",248,0.00039212908655447,1175
"249",249,0.000583593490787585,1694
"250",250,0.000931475964301019,1942
"251",251,0.000939815608463799,1945
"252",252,0.000504597825569314,1412
"253",253,0.000490595624055489,1364
"254",254,0.000466237966579191,1233
"255",255,0.000878077677093401,1923
"256",256,0.000550597595124432,1573
"257",257,0.000621108648218128,1732
"258",258,0.000691214150522649,1809
"259",259,0.000645698023533347,1763
"260",260,0.000700580441154181,1826
"261",261,0.000789599222707685,1895
"262",262,0.000530829670484135,1505
"263",263,0.000710452555288239,1851
"264",264,0.000491174759194236,1366
"265",265,0.000498709330941329,1391
"266",266,0.000678234903060361,1790
"267",267,0.000575384246247771,1675
"268",268,0.000509283800789315,1424
"269",269,0.000473325653346616,1294
"270",270,0.000482789344916846,1327
"271",271,0.000523409382235852,1454
"272",272,0.001006340991704,2001
"273",273,0.000978985966865097,1972
"274",274,0.000470655700168785,1275
"275",275,0.000466257997403649,1237
"276",276,0.000635461101173885,1742
"277",277,0.000654670190259165,1770
"278",278,0.000616938756737657,1726
"279",279,0.00049678640253904,1384
"280",280,0.000481947417210931,1319
"281",281,0.00057238112911718,1641
"282",282,0.000521370984292171,1449
"283",283,0.000501700115532234,1403
"284",284,0.000525453399999517,1457
"285",285,0.000347952282232882,1152
"286",286,0.000569699846381798,1626
"287",287,0.000553064309971864,1576
"288",288,0.000559863296893429,1600
"289",289,0.000319169630181174,1134
"290",290,0.000107899684294626,992
"291",291,0.000102516112809313,975
"292",292,0.000106824481695781,987
"293",293,0.000575056346127195,1670
"294",294,0.000554168346530124,1580
"295",295,0.000515217690542818,1440
"296",296,0.000572561886067206,1645
"297",297,0.000574375254789434,1663
"298",298,0.000543559156722291,1550
"299",299,0.000573580409172423,1653
"300",300,0.000471743782511118,1288
"301",301,0.0005408824421225,1545
"302",302,0.0005739173723316,1658
"303",303,0.000485257568776742,1341
"304",304,0.00030141576586128,1125
"305",305,5.69759307547592e-05,900
"306",306,4.97017892644135e-05,1
"307",307,4.97017892644135e-05,1
"308",308,4.97017892644135e-05,1
"309",309,4.97017892644135e-05,1
"310",310,4.97017892644135e-05,1
"311",311,4.97017892644135e-05,1
"312",312,4.97017892644135e-05,1
"313",313,4.97017892644135e-05,1
"314",314,4.97017892644135e-05,1
"315",315,4.97017892644135e-05,1
"316",316,4.97017892644135e-05,1
"317",317,4.97017892644135e-05,1
"318",318,4.97017892644135e-05,1
"319",319,4.97017892644135e-05,1
"320",320,4.97017892644135e-05,1
"321",321,4.97017892644135e-05,1
"322",322,4.97017892644135e-05,1
"323",323,4.97017892644135e-05,1
"324",324,4.97017892644135e-05,1
"325",325,4.97017892644135e-05,1
"326",326,4.97017892644135e-05,1
"327",327,4.97017892644135e-05,1
"328",328,4.97017892644135e-05,1
"329",329,4.97017892644135e-05,1
"330",330,4.97017892644135e-05,1
"331",331,4.97017892644135e-05,1
"332",332,4.97017892644135e-05,1
"333",333,4.97017892644135e-05,1
"334",334,4.97017892644135e-05,1
"335",335,7.59656338897684e-05,924
"336",336,0.000110117428772129,1001
"337",337,9.91337754248795e-05,963
"338",338,4.97017892644135e-05,1
"339",339,4.97017892644135e-05,1
"340",340,4.97017892644135e-05,1
"341",341,4.97017892644135e-05,1
"342",342,4.97017892644135e-05,1
"343",343,4.97017892644135e-05,1
"344",344,4.97017892644135e-05,1
"345",345,4.97017892644135e-05,1
"346",346,4.97017892644135e-05,1
"347",347,4.97017892644135e-05,1
"348",348,4.97017892644135e-05,1
"349",349,4.97017892644135e-05,1
"350",350,4.97017892644135e-05,1
"351",351,4.97017892644135e-05,1
"352",352,4.97017892644135e-05,1
"353",353,4.97017892644135e-05,1
"354",354,4.97017892644135e-05,1
"355",355,4.97017892644135e-05,1
"356",356,4.97017892644135e-05,1
"357",357,4.97017892644135e-05,1
"358",358,4.97017892644135e-05,1
"359",359,4.97017892644135e-05,1
"360",360,4.97017892644135e-05,1
"361",361,4.97017892644135e-05,1
"362",362,4.97017892644135e-05,1
"363",363,4.97017892644135e-05,1
"364",364,4.97017892644135e-05,1
"365",365,4.97017892644135e-05,1
"366",366,4.97017892644135e-05,1
"367",367,4.97017892644135e-05,1
"368",368,4.97017892644135e-05,1
"369",369,4.97017892644135e-05,1
"370",370,4.97017892644135e-05,1
"371",371,4.97017892644135e-05,1
"372",372,4.97017892644135e-05,1
"373",373,4.97017892644135e-05,1
"374",374,4.97017892644135e-05,1
"375",375,4.97017892644135e-05,1
"376",376,4.97017892644135e-05,1
"377",377,0.000171892800337266,1054
"378",378,0.000573585480578118,1654
"379",379,0.000108184613278828,996
"380",380,4.97017892644135e-05,1
"381",381,4.97017892644135e-05,1
"382",382,7.40282078224989e-05,918
"383",383,5.40502926350798e-05,891
"384",384,9.78602619001724e-05,950
"385",385,0.000526992672255465,1472
"386",386,0.000505548308424436,1416
"387",387,0.000255275296114706,1103
"388",388,0.000518525015029414,1445
"389",389,0.000487510472895149,1351
"390",390,0.000572501344683418,1643
"391",391,0.000471356495094047,1282
"392",392,0.000762543108599684,1884
"393",393,0.000487063474591199,1350
"394",394,0.000500419073784667,1399
"395",395,0.000543147537287601,1548
"396",396,0.00101100142553106,2005
"397",397,0.00052696999304798,1466
"398",398,0.000661179390926744,1776
"399",399,0.00070996049016706,1846
"400",400,0.000531696072449947,1509
"401",401,0.000911643861216982,1936
"402",402,0.000139505838247468,1032
"403",403,4.97017892644135e-05,1
"404",404,4.97017892644135e-05,1
"405",405,4.97017892644135e-05,1
"406",406,4.97017892644135e-05,1
"407",407,4.97017892644135e-05,1
"408",408,0.000673124551797451,1786
"409",409,0.00010641655253004,984
"410",410,4.97017892644135e-05,1
"411",411,0.000198954412833638,1073
"412",412,4.97017892644135e-05,1
"413",413,4.97017892644135e-05,1
"414",414,4.97017892644135e-05,1
"415",415,4.97017892644135e-05,1
"416",416,4.97017892644135e-05,1
"417",417,4.97017892644135e-05,1
"418",418,4.97017892644135e-05,1
"419",419,4.97017892644135e-05,1
"420",420,4.97017892644135e-05,1
"421",421,4.97017892644135e-05,1
"422",422,4.97017892644135e-05,1
"423",423,4.97017892644135e-05,1
"424",424,4.97017892644135e-05,1
"425",425,4.97017892644135e-05,1
"426",426,4.97017892644135e-05,1
"427",427,4.97017892644135e-05,1
"428",428,4.97017892644135e-05,1
"429",429,4.97017892644135e-05,1
"430",430,4.97017892644135e-05,1
"431",431,4.97017892644135e-05,1
"432",432,4.97017892644135e-05,1
"433",433,4.97017892644135e-05,1
"434",434,4.97017892644135e-05,1
"435",435,4.97017892644135e-05,1
"436",436,4.97017892644135e-05,1
"437",437,4.97017892644135e-05,1
"438",438,4.97017892644135e-05,1
"439",439,4.97017892644135e-05,1
"440",440,4.97017892644135e-05,1
"441",441,4.97017892644135e-05,1
"442",442,4.97017892644135e-05,1
"443",443,4.97017892644135e-05,1
"444",444,4.97017892644135e-05,1
"445",445,0.000445125784048478,1214
"446",446,0.000643736467579026,1759
"447",447,0.000540070915840363,1540
"448",448,0.000619170251650451,1728
"449",449,0.000987912666005172,1977
"450",450,0.00047630995371609,1305
"451",451,0.000535251002349217,1525
"452",452,0.000493584233271913,1374
"453",453,0.000570686523020392,1635
"454",454,9.94397853360859e-05,966
"455",455,4.97017892644135e-05,1
"456",456,4.97017892644135e-05,1
"457",457,4.97017892644135e-05,1
"458",458,4.97017892644135e-05,1
"459",459,4.97017892644135e-05,1
"460",460,4.97017892644135e-05,1
"461",461,0.000479050403939303,1313
"462",462,0.000521860831171143,1452
"463",463,0.00101343769780824,2010
"464",464,0.000880939717753655,1925
"465",465,0.000681434675628839,1796
"466",466,0.000540762282706912,1544
"467",467,0.000545054755342095,1557
"468",468,0.000634951643453432,1741
"469",469,0.00048929256970087,1355
"470",470,0.000502200972946685,1405
"471",471,5.64218352134988e-05,898
"472",472,4.97017892644135e-05,1
"473",473,4.97017892644135e-05,1
"474",474,4.97017892644135e-05,1
"475",475,4.97017892644135e-05,1
"476",476,4.97017892644135e-05,1
"477",477,4.97017892644135e-05,1
"478",478,4.97017892644135e-05,1
"479",479,4.97017892644135e-05,1
"480",480,9.95617124074975e-05,967
"481",481,0.000104508116892978,977
"482",482,0.000159569459362396,1049
"483",483,0.000243248165825549,1089
"484",484,5.70868346322621e-05,901
"485",485,4.97017892644135e-05,1
"486",486,4.97017892644135e-05,1
"487",487,9.96848016937089e-05,969
"488",488,0.000125000880775427,1019
"489",489,5.49863624899293e-05,894
"490",490,4.97017892644135e-05,1
"491",491,4.97017892644135e-05,1
"492",492,4.97017892644135e-05,1
"493",493,4.97017892644135e-05,1
"494",494,4.97017892644135e-05,1
"495",495,4.97017892644135e-05,1
"496",496,4.97017892644135e-05,1
"497",497,9.78602619001724e-05,950
"498",498,4.97017892644135e-05,1
"499",499,4.97017892644135e-05,1
"500",500,7.15872285591498e-05,915
"501",501,4.97017892644135e-05,1
"502",502,9.80410014453316e-05,955
"503",503,0.000102751553029218,976
"504",504,0.000497289166858261,1389
"505",505,8.13973928568942e-05,932
"506",506,8.85684824334159e-05,938
"507",507,9.29183415041036e-05,943
"508",508,5.47660669596617e-05,893
"509",509,0.000131291242502089,1024
"510",510,0.000300258662495578,1123
"511",511,0.000128699171523147,1021
"512",512,4.97017892644135e-05,1
"513",513,4.97017892644135e-05,1
"514",514,4.97017892644135e-05,1
"515",515,4.97017892644135e-05,1
"516",516,4.97017892644135e-05,1
"517",517,4.97017892644135e-05,1
"518",518,4.97017892644135e-05,1
"519",519,4.97017892644135e-05,1
"520",520,4.97017892644135e-05,1
"521",521,4.97017892644135e-05,1
"522",522,4.97017892644135e-05,1
"523",523,4.97017892644135e-05,1
"524",524,4.97017892644135e-05,1
"525",525,4.97017892644135e-05,1
"526",526,5.60898414971671e-05,897
"527",527,4.97017892644135e-05,1
"528",528,0.000390547817780629,1172
"529",529,0.000575328017150558,1673
"530",530,0.000540316267633442,1543
"531",531,0.00051378456575548,1437
"532",532,0.000547704047296499,1564
"533",533,0.000471691716655514,1287
"534",534,0.000108239792064494,997
"535",535,0.000561903902854253,1604
"536",536,0.000436698055443135,1203
"537",537,0.000482848731452968,1328
"538",538,0.000512641231650324,1432
"539",539,0.000481818263243727,1318
"540",540,0.000548327304463004,1569
"541",541,0.000552444794431449,1574
"542",542,0.000466555872281886,1247
"543",543,0.000466377106736848,1242
"544",544,0.000467258991195957,1254
"545",545,0.000481947417210931,1319
"546",546,0.000466555872281886,1247
"547",547,0.000521697179959264,1450
"548",548,0.000507372733182435,1420
"549",549,0.000466200899805955,1231
"550",550,0.000466498695652497,1246
"551",551,0.00048046664507672,1314
"552",552,0.000497017410402294,1387
"553",553,0.000495261545037558,1380
"554",554,0.000559411749172801,1599
"555",555,0.000246819926771615,1092
"556",556,0.000101634333225651,974
"557",557,0.000204719928328107,1075
"558",558,0.000443381379203947,1210
"559",559,0.000546823192245041,1561
"560",560,0.000470300589300019,1273
"561",561,0.000487792555148242,1352
"562",562,0.000480970049483238,1316
"563",563,0.000620694052308484,1731
"564",564,0.000680262605825154,1794
"565",565,0.000705516218426942,1835
"566",566,0.000443784462402815,1213
"567",567,0.000357803913651644,1157
"568",568,0.00061052050314707,1720
"569",569,0.000527439641860069,1483
"570",570,0.000469072702761453,1266
"571",571,0.000466200899805955,1231
"572",572,0.000501403471150449,1401
"573",573,0.000537262910644724,1531
"574",574,0.000516314953101349,1441
"575",575,0.000251505156813849,1099
"576",576,0.000106759850350394,986
"577",577,0.000469191005099618,1267
"578",578,0.000468070403506517,1261
"579",579,0.000470799319176609,1277
"580",580,0.000476175143249413,1304
"581",581,0.00046624476563343,1234
"582",582,0.000490538073141769,1363
"583",583,0.000574321509992188,1662
"584",584,0.000466900094226526,1252
"585",585,0.000482495632144915,1324
"586",586,0.000528989731445189,1496
"587",587,0.000568225016059388,1618
"588",588,0.000466305185462421,1240
"589",589,0.000484856211972367,1337
"590",590,9.78602619001724e-05,950
"591",591,4.97017892644135e-05,1
"592",592,4.97017892644135e-05,1
"593",593,4.97017892644135e-05,1
"594",594,4.97017892644135e-05,1
"595",595,4.97017892644135e-05,1
"596",596,4.97017892644135e-05,1
"597",597,4.97017892644135e-05,1
"598",598,4.97017892644135e-05,1
"599",599,7.6137331130395e-05,925
"600",600,0.000158317344557748,1048
"601",601,0.000513034774315586,1434
"602",602,0.000528196505053701,1489
"603",603,0.000387337153123303,1170
"604",604,5.22933342793291e-05,887
"605",605,4.97017892644135e-05,1
"606",606,5.2348260912084e-05,888
"607",607,4.97017892644135e-05,1
"608",608,4.97017892644135e-05,1
"609",609,7.14161998310834e-05,914
"610",610,9.83431453278958e-05,958
"611",611,4.97017892644135e-05,1
"612",612,0.000513592817439312,1436
"613",613,0.000468908576892674,1265
"614",614,0.000570415811639817,1629
"615",615,0.000636120601745158,1744
"616",616,0.000609117151139471,1717
"617",617,0.000469359059465858,1268
"618",618,0.000431701835204711,1197
"619",619,4.97017892644135e-05,1
"620",620,4.97017892644135e-05,1
"621",621,4.97017892644135e-05,1
"622",622,4.97017892644135e-05,1
"623",623,4.97017892644135e-05,1
"624",624,4.97017892644135e-05,1
"625",625,4.97017892644135e-05,1
"626",626,4.97017892644135e-05,1
"627",627,4.97017892644135e-05,1
"628",628,4.97017892644135e-05,1
"629",629,7.49381796137754e-05,921
"630",630,0.000485142613269463,1340
"631",631,0.000988980711619783,1979
"632",632,0.000897687811100633,1932
"633",633,4.97017892644135e-05,1
"634",634,0.000186152616384697,1065
"635",635,0.000120126275710913,1011
"636",636,4.97017892644135e-05,1
"637",637,4.97017892644135e-05,1
"638",638,0.000191097442391343,1072
"639",639,0.000710072415857758,1847
"640",640,0.000688755821700866,1807
"641",641,0.000742268226405985,1876
"642",642,0.000536822458960637,1530
"643",643,0.000535649883112227,1528
"644",644,0.000553437114828969,1577
"645",645,0.000470127712851871,1272
"646",646,0.000519487776772912,1447
"647",647,0.000943526400108725,1947
"648",648,0.000971437562240531,1968
"649",649,0.000869253198374194,1918
"650",650,0.000647463569603507,1764
"651",651,0.000696851682707354,1817
"652",652,0.000888020001628287,1928
"653",653,0.000491738330144623,1370
"654",654,0.000870134522242578,1920
"655",655,0.00084407905339465,1912
"656",656,0.00100422684026756,1999
"657",657,0.00100010000469498,1988
"658",658,0.000947020476646427,1951
"659",659,0.000471022551798437,1281
"660",660,0.000568378271212664,1619
"661",661,0.000115419660086811,1007
"662",662,4.97017892644135e-05,1
"663",663,4.97017892644135e-05,1
"664",664,4.97017892644135e-05,1
"665",665,4.97017892644135e-05,1
"666",666,4.97017892644135e-05,1
"667",667,4.97017892644135e-05,1
"668",668,4.97017892644135e-05,1
"669",669,4.97017892644135e-05,1
"670",670,4.97017892644135e-05,1
"671",671,4.97017892644135e-05,1
"672",672,4.97017892644135e-05,1
"673",673,4.97017892644135e-05,1
"674",674,4.97017892644135e-05,1
"675",675,4.97017892644135e-05,1
"676",676,4.97017892644135e-05,1
"677",677,7.27763630007296e-05,916
"678",678,0.000100240833180254,972
"679",679,0.000430866705798042,1196
"680",680,0.00010542142368344,982
"681",681,9.03492163350871e-05,940
"682",682,0.000244163578730723,1091
"683",683,0.000478483484398388,1311
"684",684,0.000528877019454494,1494
"685",685,0.000456235194707858,1222
"686",686,0.000464710748042405,1225
"687",687,0.000484754366578294,1336
"688",688,0.000575385164403715,1677
"689",689,0.000575445428446453,1680
"690",690,0.000361630503042615,1159
"691",691,0.000135597186290535,1030
"692",692,0.000107899684294626,992
"693",693,4.97017892644135e-05,1
"694",694,4.97017892644135e-05,1
"695",695,4.97017892644135e-05,1
"696",696,4.97017892644135e-05,1
"697",697,4.97017892644135e-05,1
"698",698,4.97017892644135e-05,1
"699",699,4.97017892644135e-05,1
"700",700,4.97017892644135e-05,1
"701",701,4.97017892644135e-05,1
"702",702,4.97017892644135e-05,1
"703",703,4.97017892644135e-05,1
"704",704,4.97017892644135e-05,1
"705",705,4.97017892644135e-05,1
"706",706,4.97017892644135e-05,1
"707",707,4.97017892644135e-05,1
"708",708,4.97017892644135e-05,1
"709",709,4.97017892644135e-05,1
"710",710,4.97017892644135e-05,1
"711",711,4.97017892644135e-05,1
"712",712,4.97017892644135e-05,1
"713",713,4.97017892644135e-05,1
"714",714,4.97017892644135e-05,1
"715",715,4.97017892644135e-05,1
"716",716,4.97017892644135e-05,1
"717",717,4.97017892644135e-05,1
"718",718,4.97017892644135e-05,1
"719",719,4.97017892644135e-05,1
"720",720,4.97017892644135e-05,1
"721",721,4.97017892644135e-05,1
"722",722,4.97017892644135e-05,1
"723",723,4.97017892644135e-05,1
"724",724,0.000125339568762433,1020
"725",725,0.000119589012818046,1009
"726",726,0.000547704047296499,1564
"727",727,0.00058928393133045,1699
"728",728,0.000779618230986618,1891
"729",729,0.000800978319750805,1896
"730",730,0.000500290598369287,1398
"731",731,0.000961696370654245,1962
"732",732,0.000485704106425134,1343
"733",733,0.000709795734621824,1845
"734",734,0.000573409372554929,1650
"735",735,0.0010124182647049,2006
"736",736,0.000466294075285021,1238
"737",737,0.000575167949733834,1671
"738",738,0.000231261423862179,1086
"739",739,0.000104508116892978,977
"740",740,0.000555107771095057,1584
"741",741,0.00057477401886868,1665
"742",742,0.000844006049516959,1911
"743",743,0.000467543293302806,1255
"744",744,0.000337362284818224,1147
"745",745,0.000390784050024979,1174
"746",746,0.000566104681149133,1612
"747",747,0.000470770361775946,1276
"748",748,0.000485933610879302,1344
"749",749,0.00070020034854621,1825
"750",750,0.000711474581112077,1857
"751",751,0.000595746150748555,1705
"752",752,0.000613614376765179,1723
"753",753,6.77846946683697e-05,909
"754",754,4.97017892644135e-05,1
"755",755,0.000123376203483634,1016
"756",756,4.97017892644135e-05,1
"757",757,4.97017892644135e-05,1
"758",758,0.000120302180395773,1012
"759",759,5.89237539376915e-05,902
"760",760,8.0676788190203e-05,930
"761",761,5.68947739747269e-05,899
"762",762,9.81318300072318e-05,957
"763",763,9.23944984799759e-05,942
"764",764,0.000496545282009164,1382
"765",765,0.000670987339296523,1784
"766",766,0.000129984699531353,1023
"767",767,0.000568154290019671,1617
"768",768,0.000698992423163926,1822
"769",769,0.00071091911000942,1852
"770",770,4.97017892644135e-05,1
"771",771,0.000185091147894808,1063
"772",772,0.000532983304241801,1512
"773",773,0.000320723927749092,1135
"774",774,0.000188523609017549,1070
"775",775,8.62422774006139e-05,935
"776",776,0.000379341744451904,1168
"777",777,0.000185787345345997,1064
"778",778,0.00034435083917206,1150
"779",779,0.000621770148513247,1733
"780",780,0.00100225794088301,1994
"781",781,0.000556349255044493,1586
"782",782,0.000701408062336965,1831
"783",783,0.000169746229312962,1053
"784",784,4.97017892644135e-05,1
"785",785,4.97017892644135e-05,1
"786",786,0.000241077974074584,1088
"787",787,4.97017892644135e-05,1
"788",788,4.97017892644135e-05,1
"789",789,4.97017892644135e-05,1
"790",790,4.97017892644135e-05,1
"791",791,4.97017892644135e-05,1
"792",792,4.97017892644135e-05,1
"793",793,9.12129334102377e-05,941
"794",794,4.97017892644135e-05,1
"795",795,4.97017892644135e-05,1
"796",796,4.97017892644135e-05,1
"797",797,0.000279906834904467,1112
"798",798,0.000256742883908646,1104
"799",799,0.000641204300373924,1752
"800",800,0.000766031945593973,1885
"801",801,0.000568844754718331,1620
"802",802,0.000916856057276867,1938
"803",803,0.000710072415857758,1847
"804",804,0.000510358980320133,1427
"805",805,7.42866746853188e-05,919
"806",806,0.000177218218901226,1060
"807",807,0.0006962262449,1816
"808",808,0.000711206930365995,1855
"809",809,0.000664963009138706,1781
"810",810,0.000424422070040289,1193
"811",811,0.000533984676204284,1518
"812",812,0.000880595956398157,1924
"813",813,0.000498653216833101,1390
"814",814,0.00050394097692586,1409
"815",815,0.000572963094691,1647
"816",816,0.000373282442868404,1165
"817",817,0.000442114781680202,1208
"818",818,0.000447888250351097,1216
"819",819,0.00036218954860596,1160
"820",820,0.000106466540422744,985
"821",821,4.97017892644135e-05,1
"822",822,4.97017892644135e-05,1
"823",823,4.97017892644135e-05,1
"824",824,4.97017892644135e-05,1
"825",825,4.97017892644135e-05,1
"826",826,4.97017892644135e-05,1
"827",827,4.97017892644135e-05,1
"828",828,4.97017892644135e-05,1
"829",829,4.97017892644135e-05,1
"830",830,4.97017892644135e-05,1
"831",831,8.52385399112373e-05,933
"832",832,0.000570446182054419,1630
"833",833,0.000467543293302806,1255
"834",834,0.000524961436845399,1456
"835",835,0.000575385164403715,1677
"836",836,0.000575445428446453,1680
"837",837,0.000575384246247771,1675
"838",838,0.000525641949409085,1458
"839",839,0.000467627580473595,1257
"840",840,0.00101343769780824,2010
"841",841,0.000471743782511118,1288
"842",842,0.000546835715765395,1562
"843",843,0.000489404721534519,1356
"844",844,0.000486993280050931,1349
"845",845,0.000573585480578118,1654
"846",846,0.000316805440171512,1131
"847",847,0.00057403397008229,1659
"848",848,0.000159916274696928,1050
"849",849,9.92564530277268e-05,964
"850",850,0.000440395640884693,1205
"851",851,4.97017892644135e-05,1
"852",852,0.000572104833177491,1639
"853",853,0.000471686454775077,1286
"854",854,0.000869960010621902,1919
"855",855,0.000687952353465549,1805
"856",856,0.000504597825569314,1412
"857",857,0.000904324417637251,1933
"858",858,0.000712868242019955,1866
"859",859,0.000405759861868522,1186
"860",860,0.000220930083180994,1079
"861",861,4.97017892644135e-05,1
"862",862,0.000104924768123819,979
"863",863,0.000221592050323867,1080
"864",864,6.93792996952213e-05,911
"865",865,5.01449213208503e-05,882
"866",866,0.000131398737821638,1025
"867",867,0.000475878412560385,1303
"868",868,0.0001747214524091,1058
"869",869,0.000530317054396976,1503
"870",870,0.00100072205881373,1991
"871",871,0.000990653623627576,1980
"872",872,0.001006284930138,2000
"873",873,0.00100779639415965,2003
"874",874,0.000832615430042107,1905
"875",875,0.000786131715282022,1893
"876",876,0.000836426329121557,1908
"877",877,0.000484867322246375,1338
"878",878,0.000576143253190753,1683
"879",879,0.000496954863736887,1385
"880",880,0.000477863314579506,1308
"881",881,0.000502543849307294,1406
"882",882,0.000475251744223048,1301
"883",883,0.000478960454335206,1312
"884",884,0.000560574243903557,1602
"885",885,0.000884704391127896,1927
"886",886,0.000630986208650125,1739
"887",887,0.000527841699440336,1487
"888",888,0.000697239058628867,1818
"889",889,0.000353145041773339,1155
"890",890,0.000640828608986857,1751
"891",891,0.000684162985179904,1801
"892",892,0.000594324783718008,1703
"893",893,0.000598089842423148,1707
"894",894,0.000474858074177705,1299
"895",895,0.000535396390898414,1527
"896",896,0.000503022678069384,1408
"897",897,0.000590497343430864,1701
"898",898,0.000532983304241801,1512
"899",899,0.00062627299084965,1736
"900",900,0.000706800064958001,1836
"901",901,0.000148249889554887,1043
"902",902,4.97017892644135e-05,1
"903",903,4.97017892644135e-05,1
"904",904,4.97017892644135e-05,1
"905",905,4.97017892644135e-05,1
"906",906,4.97017892644135e-05,1
"907",907,4.97017892644135e-05,1
"908",908,4.97017892644135e-05,1
"909",909,4.97017892644135e-05,1
"910",910,4.97017892644135e-05,1
"911",911,0.000296114424446187,1120
"912",912,0.000712926315980916,1868
"913",913,0.000365313630271794,1162
"914",914,0.000566882397396335,1614
"915",915,0.000187418382668362,1067
"916",916,0.000328830798800796,1143
"917",917,4.97017892644135e-05,1
"918",918,9.8074289207454e-05,956
"919",919,0.000178187103058389,1061
"920",920,4.97017892644135e-05,1
"921",921,0.00011037381248966,1002
"922",922,4.97017892644135e-05,1
"923",923,4.97017892644135e-05,1
"924",924,4.97017892644135e-05,1
"925",925,4.97017892644135e-05,1
"926",926,0.000576153891603956,1684
"927",927,8.72265627594844e-05,937
"928",928,0.000187905373006843,1068
"929",929,0.000134027888779621,1029
"930",930,0.000431774021786328,1198
"931",931,0.000108052557378465,994
"932",932,0.000283716954661154,1114
"933",933,0.000558251420805631,1595
"934",934,0.000316410120503619,1130
"935",935,7.44006648296551e-05,920
"936",936,4.97017892644135e-05,1
"937",937,4.97017892644135e-05,1
"938",938,4.97017892644135e-05,1
"939",939,4.97017892644135e-05,1
"940",940,4.97017892644135e-05,1
"941",941,4.97017892644135e-05,1
"942",942,4.97017892644135e-05,1
"943",943,4.97017892644135e-05,1
"944",944,0.000113681771290482,1006
"945",945,4.97017892644135e-05,1
"946",946,4.97017892644135e-05,1
"947",947,0.000494462173893062,1378
"948",948,0.000121160095144157,1013
"949",949,4.97017892644135e-05,1
"950",950,4.97017892644135e-05,1
"951",951,4.97017892644135e-05,1
"952",952,4.97017892644135e-05,1
"953",953,0.00011196374176625,1003
"954",954,0.000664125120822723,1780
"955",955,4.97017892644135e-05,1
"956",956,0.00010925002400272,999
"957",957,0.000666133661085072,1782
"958",958,0.000436488115696754,1202
"959",959,0.000707948590955548,1839
"960",960,0.000983211034965631,1975
"961",961,0.00050898541792753,1422
"962",962,0.000470967390504407,1280
"963",963,0.000473270686643309,1293
"964",964,0.000682172079099871,1799
"965",965,0.000435789987415773,1201
"966",966,8.99833957764068e-05,939
"967",967,0.00024847880148904,1094
"968",968,0.000517126932499215,1442
"969",969,0.000152756729331337,1046
"970",970,0.000398815343363625,1180
"971",971,0.000371293463317136,1164
"972",972,0.000540972217902553,1546
"973",973,0.000596987526880883,1706
"974",974,0.000527328514613323,1480
"975",975,0.000954002336470709,1956
"976",976,0.000570673811157417,1632
"977",977,0.000376165101161603,1167
"978",978,0.000461340112579717,1224
"979",979,0.000567675040800496,1616
"980",980,0.000441796010202812,1207
"981",981,0.000702803452630099,1834
"982",982,0.000544611037214078,1554
"983",983,0.000505393882937711,1414
"984",984,0.000562774090984187,1606
"985",985,0.000676772277903146,1788
"986",986,0.000565379498248215,1609
"987",987,0.000549814631171004,1571
"988",988,0.000526912973290244,1463
"989",989,0.00100061012621903,1990
"990",990,0.000637637469718797,1748
"991",991,0.000689470409763949,1808
"992",992,0.000670652846596897,1783
"993",993,0.000467129012529148,1253
"994",994,0.000510847717555037,1428
"995",995,0.000486897117274366,1348
"996",996,0.000554680366079003,1582
"997",997,0.000466555872281886,1247
"998",998,0.000569415094134255,1623
"999",999,0.000482004110949019,1321
"1000",1000,0.000688575616738527,1806
"1001",1001,0.000611701980620347,1722
"1002",1002,0.000538366904474647,1537
"1003",1003,0.000107154885387092,988
"1004",1004,0.000570676825110103,1634
"1005",1005,0.000504537237545465,1411
"1006",1006,0.00050601671669714,1417
"1007",1007,0.000482047464729166,1322
"1008",1008,0.000484922933562303,1339
"1009",1009,0.000483363431748726,1331
"1010",1010,0.00053899851470569,1538
"1011",1011,0.00064298685008841,1758
"1012",1012,0.000556256574369739,1585
"1013",1013,0.000273452103551864,1108
"1014",1014,0.000142061037397148,1034
"1015",1015,4.97017892644135e-05,1
"1016",1016,8.57296984812561e-05,934
"1017",1017,0.000494407055609787,1377
"1018",1018,0.000440937726465924,1206
"1019",1019,0.000227962520073691,1082
"1020",1020,0.000151554145987695,1044
"1021",1021,4.97017892644135e-05,1
"1022",1022,4.97017892644135e-05,1
"1023",1023,4.97017892644135e-05,1
"1024",1024,0.000327764679253284,1140
"1025",1025,6.76111566679065e-05,908
"1026",1026,4.97017892644135e-05,1
"1027",1027,0.000344464298821111,1151
"1028",1028,0.000373784328951796,1166
"1029",1029,0.000263845437095254,1106
"1030",1030,0.000700781460110963,1828
"1031",1031,0.00065754944595593,1775
"1032",1032,0.000701472475020109,1832
"1033",1033,0.00068031790927646,1795
"1034",1034,0.000496769101338606,1383
"1035",1035,0.000277200544673808,1111
"1036",1036,0.000711532950562601,1858
"1037",1037,0.000575001518233674,1669
"1038",1038,0.000573409372554929,1650
"1039",1039,0.00091532842914181,1937
"1040",1040,0.000476868857689408,1306
"1041",1041,0.000466377106736848,1242
"1042",1042,0.000478415455893813,1310
"1043",1043,0.000468070403506517,1261
"1044",1044,0.000569191398948103,1622
"1045",1045,0.000144358701462778,1036
"1046",1046,4.97017892644135e-05,1
"1047",1047,4.97017892644135e-05,1
"1048",1048,4.97017892644135e-05,1
"1049",1049,4.97017892644135e-05,1
"1050",1050,4.97017892644135e-05,1
"1051",1051,4.97017892644135e-05,1
"1052",1052,4.97017892644135e-05,1
"1053",1053,4.97017892644135e-05,1
"1054",1054,4.97017892644135e-05,1
"1055",1055,4.97017892644135e-05,1
"1056",1056,4.97017892644135e-05,1
"1057",1057,4.97017892644135e-05,1
"1058",1058,4.97017892644135e-05,1
"1059",1059,4.97017892644135e-05,1
"1060",1060,9.73214789265908e-05,945
"1061",1061,0.000179960471735482,1062
"1062",1062,9.86469133419324e-05,961
"1063",1063,4.97017892644135e-05,1
"1064",1064,5.21284628713302e-05,885
"1065",1065,4.97017892644135e-05,1
"1066",1066,4.97017892644135e-05,1
"1067",1067,5.47110039976713e-05,892
"1068",1068,9.76802107972871e-05,948
"1069",1069,0.000137142834489817,1031
"1070",1070,9.78602619001724e-05,950
"1071",1071,5.57585220009053e-05,895
"1072",1072,4.97017892644135e-05,1
"1073",1073,4.97017892644135e-05,1
"1074",1074,0.000248492165184695,1095
"1075",1075,0.000430463966331742,1195
"1076",1076,0.000500138584906882,1396
"1077",1077,0.000264880483276462,1107
"1078",1078,0.000500756946078417,1400
"1079",1079,0.000569672640307307,1625
"1080",1080,0.000105366446500708,981
"1081",1081,0.000556897486361314,1589
"1082",1082,0.000467960226606192,1259
"1083",1083,0.000466133180115533,1229
"1084",1084,0.000493276443703009,1373
"1085",1085,0.000543881927389244,1553
"1086",1086,0.000995849147443518,1982
"1087",1087,0.000500083704003097,1394
"1088",1088,0.000962916583646183,1964
"1089",1089,0.000474516172752186,1298
"1090",1090,0.000521741992860492,1451
"1091",1091,0.00100294072341484,1995
"1092",1092,0.000529040336355376,1497
"1093",1093,0.0010031082268889,1997
"1094",1094,0.000482395435788831,1323
"1095",1095,0.00097883641012157,1971
"1096",1096,0.000531352704600765,1506
"1097",1097,0.000712566581241943,1863
"1098",1098,0.000615200298291773,1725
"1099",1099,0.000402892043752877,1184
"1100",1100,0.000602074170257517,1712
"1101",1101,0.000979241814031856,1973
"1102",1102,0.000590720413729021,1702
"1103",1103,0.000642104092361645,1754
"1104",1104,0.000637206181985836,1747
"1105",1105,0.000123431796124216,1017
"1106",1106,0.000566937438467571,1615
"1107",1107,0.000636541167692575,1745
"1108",1108,0.00087525637137136,1922
"1109",1109,0.00100299565818455,1996
"1110",1110,0.000787173386866904,1894
"1111",1111,0.00101338284937092,2009
"1112",1112,0.000988756771920085,1978
"1113",1113,0.000528927191004755,1495
"1114",1114,0.000948792104840442,1953
"1115",1115,0.000496954863736887,1385
"1116",1116,0.000543830128466394,1552
"1117",1117,0.000573103541209554,1648
"1118",1118,0.000146772976816937,1039
"1119",1119,4.97017892644135e-05,1
"1120",1120,0.000218237577760607,1078
"1121",1121,0.000559136134881975,1598
"1122",1122,0.00099658189909988,1983
"1123",1123,0.000499742180618828,1393
"1124",1124,0.000402320403619309,1183
"1125",1125,0.00053431735338348,1520
"1126",1126,0.000411016926438779,1188
"1127",1127,4.97017892644135e-05,1
"1128",1128,0.000142402363871535,1035
"1129",1129,0.000533613620704962,1515
"1130",1130,4.97017892644135e-05,1
"1131",1131,4.97017892644135e-05,1
"1132",1132,4.97017892644135e-05,1
"1133",1133,4.97017892644135e-05,1
"1134",1134,4.97017892644135e-05,1
"1135",1135,0.000422855290682877,1191
"1136",1136,0.000595692611912027,1704
"1137",1137,0.000512651455139732,1433
"1138",1138,0.000532286653141622,1511
"1139",1139,7.05790412475343e-05,913
"1140",1140,0.000402892043752877,1184
"1141",1141,0.000147618216092535,1041
"1142",1142,0.000712206739064704,1861
"1143",1143,0.000563503553838305,1607
"1144",1144,0.000526976049529075,1468
"1145",1145,0.000968373690891966,1966
"1146",1146,0.00069765747913749,1820
"1147",1147,0.00100379969938273,1998
"1148",1148,0.000545932665693761,1559
"1149",1149,0.000854241404187793,1914
"1150",1150,0.000494909873943899,1379
"1151",1151,0.000526976049529075,1468
"1152",1152,0.000602744364626886,1714
"1153",1153,0.000325043832479373,1138
"1154",1154,0.000574981402512252,1667
"1155",1155,0.000708496763668015,1840
"1156",1156,0.000537717972617613,1534
"1157",1157,0.000861215580738862,1916
"1158",1158,0.000631274143878814,1740
"1159",1159,0.000582923102287363,1691
"1160",1160,0.000960003157502461,1961
"1161",1161,0.000948401430264473,1952
"1162",1162,0.000527504351074456,1484
"1163",1163,0.000892723244106646,1931
"1164",1164,0.000498821788834827,1392
"1165",1165,0.000475027822799982,1300
"1166",1166,0.000493840591118206,1376
"1167",1167,0.000740976348524038,1875
"1168",1168,0.000546790182865914,1560
"1169",1169,0.000691383935046904,1810
"1170",1170,0.000534778596432809,1523
"1171",1171,0.000749512220737471,1880
"1172",1172,0.000506529252528018,1418
"1173",1173,6.95603569337393e-05,912
"1174",1174,4.97017892644135e-05,1
"1175",1175,4.97017892644135e-05,1
"1176",1176,4.97017892644135e-05,1
"1177",1177,4.97017892644135e-05,1
"1178",1178,0.00020106068615875,1074
"1179",1179,0.000162895625685971,1051
"1180",1180,0.000538293816044256,1536
"1181",1181,0.000972000184697984,1969
"1182",1182,0.000744126385487466,1877
"1183",1183,0.000522470871598485,1453
"1184",1184,0.00048963122244902,1358
"1185",1185,0.000549392100477481,1570
"1186",1186,0.000574547521339703,1664
"1187",1187,0.000393947037163906,1177
"1188",1188,0.000638066190054713,1749
"1189",1189,0.000552700140038197,1575
"1190",1190,0.000687270734776543,1804
"1191",1191,0.000583431713932782,1693
"1192",1192,0.000944061156869197,1949
"1193",1193,0.000712868242019955,1866
"1194",1194,0.000644261163064519,1760
"1195",1195,0.000713002252855608,1870
"1196",1196,0.000825543531901282,1904
"1197",1197,0.000610586588736206,1721
"1198",1198,0.000970674413697339,1967
"1199",1199,0.000482565862218505,1326
"1200",1200,0.000656971118655967,1774
"1201",1201,0.000636085695090596,1743
"1202",1202,0.000775761379005139,1890
"1203",1203,0.000532114424290055,1510
"1204",1204,0.000471531516094104,1285
"1205",1205,0.000509283800789315,1424
"1206",1206,0.00051841001812585,1444
"1207",1207,0.000927426863424928,1941
"1208",1208,0.000489807282466529,1360
"1209",1209,0.000622491073358673,1734
"1210",1210,0.000544611037214078,1554
"1211",1211,0.000526976049529075,1468
"1212",1212,0.00096211536970741,1963
"1213",1213,0.000710984654767132,1853
"1214",1214,0.000802537426574181,1898
"1215",1215,0.000601916558497746,1711
"1216",1216,0.000488183840805242,1353
"1217",1217,0.000588723248675874,1697
"1218",1218,0.00093260927370331,1943
"1219",1219,0.000601854036623424,1710
"1220",1220,0.000510109402323309,1426
"1221",1221,0.000619173285634761,1729
"1222",1222,0.000711993853935181,1860
"1223",1223,0.00052686600050079,1461
"1224",1224,0.000562694943444062,1605
"1225",1225,0.000710072415857758,1847
"1226",1226,0.000529071875972852,1498
"1227",1227,0.000943606258643405,1948
"1228",1228,0.000691412839844332,1811
"1229",1229,0.000841395486710576,1909
"1230",1230,0.000999990290443048,1987
"1231",1231,0.000622932950580334,1735
"1232",1232,0.00062875744682489,1738
"1233",1233,0.00098249974345304,1974
"1234",1234,0.000511985329694667,1431
"1235",1235,0.000466295031971303,1239
"1236",1236,0.00052647729751834,1460
"1237",1237,0.000526410213484986,1459
"1238",1238,0.00048607994075114,1346
"1239",1239,0.000470362664010715,1274
"1240",1240,0.000519219069607799,1446
"1241",1241,0.000328341567091832,1142
"1242",1242,0.000556909272516309,1590
"1243",1243,0.00031702882002924,1132
"1244",1244,0.000275341728518727,1110
"1245",1245,0.000571766420563962,1638
"1246",1246,0.000523859357308942,1455
"1247",1247,0.00057403397008229,1659
"1248",1248,0.000321157412736317,1136
"1249",1249,0.00024787523286249,1093
"1250",1250,0.000298852124112451,1122
"1251",1251,0.000575445428446453,1680
"1252",1252,0.000575397603316838,1679
"1253",1253,0.000517903970624681,1443
"1254",1254,0.000564384219977763,1608
"1255",1255,0.000318659125887101,1133
"1256",1256,0.000575328017150558,1673
"1257",1257,0.000513209002054184,1435
"1258",1258,0.000509144536042418,1423
"1259",1259,0.000469804299462965,1270
"1260",1260,0.000436810035685949,1204
"1261",1261,0.000107448689459552,989
"1262",1262,4.97017892644135e-05,1
"1263",1263,9.98086597533029e-05,970
"1264",1264,0.000445201620900624,1215
"1265",1265,0.000466728250262291,1251
"1266",1266,0.00067633356365276,1787
"1267",1267,0.000870184004439225,1921
"1268",1268,0.00068245680224567,1800
"1269",1269,0.000474288604492542,1296
"1270",1270,0.000560480482866667,1601
"1271",1271,0.000483887590224279,1333
"1272",1272,0.000490933263839963,1365
"1273",1273,0.000489752212160089,1359
"1274",1274,0.000662950578487807,1779
"1275",1275,0.000478305235275692,1309
"1276",1276,0.000472545909954084,1292
"1277",1277,0.000821942980962803,1902
"1278",1278,0.000934513619415664,1944
"1279",1279,0.000952016128911616,1955
"1280",1280,0.000859426073800588,1915
"1281",1281,0.000531521101721389,1508
"1282",1282,0.00101343769780824,2010
"1283",1283,0.00077333658308834,1889
"1284",1284,0.000609338830139878,1719
"1285",1285,0.000711102059973827,1854
"1286",1286,0.000294402612646516,1118
"1287",1287,0.000176552000933315,1059
"1288",1288,0.000448233214661836,1217
"1289",1289,0.000529800661643322,1501
"1290",1290,0.000824502202318393,1903
"1291",1291,0.00052692423690616,1464
"1292",1292,0.000530549138686671,1504
"1293",1293,0.000527504351074456,1484
"1294",1294,0.000589498459344845,1700
"1295",1295,0.000548092350664952,1568
"1296",1296,0.001007852875628,2004
"1297",1297,0.000941372470957222,1946
"1298",1298,0.000747116666973776,1878
"1299",1299,0.000502728320223328,1407
"1300",1300,0.000491626488961259,1369
"1301",1301,0.000785484931027961,1892
"1302",1302,0.00072514277719725,1873
"1303",1303,0.000573409372554929,1650
"1304",1304,0.000480747575756174,1315
"1305",1305,0.000472151691274601,1290
"1306",1306,0.000472432052367085,1291
"1307",1307,0.00048358763574284,1332
"1308",1308,0.000466132719464984,1228
"1309",1309,0.000482961790104739,1329
"1310",1310,0.000575000406175888,1668
"1311",1311,0.000334414507812052,1144
"1312",1312,0.000327059793767991,1139
"1313",1313,7.78486316339815e-05,927
"1314",1314,4.97017892644135e-05,1
"1315",1315,4.97017892644135e-05,1
"1316",1316,4.97017892644135e-05,1
"1317",1317,4.97017892644135e-05,1
"1318",1318,4.97017892644135e-05,1
"1319",1319,4.97017892644135e-05,1
"1320",1320,4.97017892644135e-05,1
"1321",1321,4.97017892644135e-05,1
"1322",1322,4.97017892644135e-05,1
"1323",1323,4.97017892644135e-05,1
"1324",1324,4.97017892644135e-05,1
"1325",1325,4.97017892644135e-05,1
"1326",1326,4.97017892644135e-05,1
"1327",1327,4.97017892644135e-05,1
"1328",1328,4.97017892644135e-05,1
"1329",1329,4.97017892644135e-05,1
"1330",1330,4.97017892644135e-05,1
"1331",1331,4.97017892644135e-05,1
"1332",1332,4.97017892644135e-05,1
"1333",1333,4.97017892644135e-05,1
"1334",1334,4.97017892644135e-05,1
"1335",1335,4.97017892644135e-05,1
"1336",1336,4.97017892644135e-05,1
"1337",1337,4.97017892644135e-05,1
"1338",1338,4.97017892644135e-05,1
"1339",1339,4.97017892644135e-05,1
"1340",1340,4.97017892644135e-05,1
"1341",1341,4.97017892644135e-05,1
"1342",1342,4.97017892644135e-05,1
"1343",1343,4.97017892644135e-05,1
"1344",1344,4.97017892644135e-05,1
"1345",1345,4.97017892644135e-05,1
"1346",1346,4.97017892644135e-05,1
"1347",1347,4.97017892644135e-05,1
"1348",1348,4.97017892644135e-05,1
"1349",1349,4.97017892644135e-05,1
"1350",1350,4.97017892644135e-05,1
"1351",1351,4.97017892644135e-05,1
"1352",1352,4.97017892644135e-05,1
"1353",1353,4.97017892644135e-05,1
"1354",1354,4.97017892644135e-05,1
"1355",1355,4.97017892644135e-05,1
"1356",1356,4.97017892644135e-05,1
"1357",1357,4.97017892644135e-05,1
"1358",1358,4.97017892644135e-05,1
"1359",1359,4.97017892644135e-05,1
"1360",1360,4.97017892644135e-05,1
"1361",1361,4.97017892644135e-05,1
"1362",1362,4.97017892644135e-05,1
"1363",1363,4.97017892644135e-05,1
"1364",1364,4.97017892644135e-05,1
"1365",1365,4.97017892644135e-05,1
"1366",1366,4.97017892644135e-05,1
"1367",1367,4.97017892644135e-05,1
"1368",1368,4.97017892644135e-05,1
"1369",1369,4.97017892644135e-05,1
"1370",1370,4.97017892644135e-05,1
"1371",1371,4.97017892644135e-05,1
"1372",1372,4.97017892644135e-05,1
"1373",1373,4.97017892644135e-05,1
"1374",1374,4.97017892644135e-05,1
"1375",1375,4.97017892644135e-05,1
"1376",1376,4.97017892644135e-05,1
"1377",1377,4.97017892644135e-05,1
"1378",1378,4.97017892644135e-05,1
"1379",1379,4.97017892644135e-05,1
"1380",1380,4.97017892644135e-05,1
"1381",1381,4.97017892644135e-05,1
"1382",1382,4.97017892644135e-05,1
"1383",1383,4.97017892644135e-05,1
"1384",1384,4.97017892644135e-05,1
"1385",1385,4.97017892644135e-05,1
"1386",1386,4.97017892644135e-05,1
"1387",1387,4.97017892644135e-05,1
"1388",1388,4.97017892644135e-05,1
"1389",1389,4.97017892644135e-05,1
"1390",1390,4.97017892644135e-05,1
"1391",1391,4.97017892644135e-05,1
"1392",1392,4.97017892644135e-05,1
"1393",1393,4.97017892644135e-05,1
"1394",1394,4.97017892644135e-05,1
"1395",1395,4.97017892644135e-05,1
"1396",1396,4.97017892644135e-05,1
"1397",1397,4.97017892644135e-05,1
"1398",1398,4.97017892644135e-05,1
"1399",1399,4.97017892644135e-05,1
"1400",1400,4.97017892644135e-05,1
"1401",1401,4.97017892644135e-05,1
"1402",1402,4.97017892644135e-05,1
"1403",1403,4.97017892644135e-05,1
"1404",1404,4.97017892644135e-05,1
"1405",1405,4.97017892644135e-05,1
"1406",1406,4.97017892644135e-05,1
"1407",1407,4.97017892644135e-05,1
"1408",1408,4.97017892644135e-05,1
"1409",1409,4.97017892644135e-05,1
"1410",1410,4.97017892644135e-05,1
"1411",1411,4.97017892644135e-05,1
"1412",1412,4.97017892644135e-05,1
"1413",1413,4.97017892644135e-05,1
"1414",1414,4.97017892644135e-05,1
"1415",1415,4.97017892644135e-05,1
"1416",1416,4.97017892644135e-05,1
"1417",1417,4.97017892644135e-05,1
"1418",1418,4.97017892644135e-05,1
"1419",1419,4.97017892644135e-05,1
"1420",1420,4.97017892644135e-05,1
"1421",1421,4.97017892644135e-05,1
"1422",1422,4.97017892644135e-05,1
"1423",1423,4.97017892644135e-05,1
"1424",1424,4.97017892644135e-05,1
"1425",1425,4.97017892644135e-05,1
"1426",1426,4.97017892644135e-05,1
"1427",1427,4.97017892644135e-05,1
"1428",1428,4.97017892644135e-05,1
"1429",1429,4.97017892644135e-05,1
"1430",1430,4.97017892644135e-05,1
"1431",1431,4.97017892644135e-05,1
"1432",1432,4.97017892644135e-05,1
"1433",1433,4.97017892644135e-05,1
"1434",1434,0.000124886429569471,1018
"1435",1435,0.000140947136927087,1033
"1436",1436,6.10002407679694e-05,903
"1437",1437,4.97017892644135e-05,1
"1438",1438,4.97017892644135e-05,1
"1439",1439,4.97017892644135e-05,1
"1440",1440,6.78023121468421e-05,910
"1441",1441,0.00039015421130267,1171
"1442",1442,0.000417022870740063,1189
"1443",1443,0.000565456964169754,1610
"1444",1444,9.9932113206993e-05,971
"1445",1445,0.000443550743666483,1211
"1446",1446,0.000557138546781143,1593
"1447",1447,0.000559097371919426,1597
"1448",1448,0.000466305185462421,1240
"1449",1449,0.000491174759194236,1366
"1450",1450,0.000466255954547583,1236
"1451",1451,0.000470954687714729,1279
"1452",1452,0.000574275485393599,1661
"1453",1453,0.000964694759953101,1965
"1454",1454,0.000495528847880588,1381
"1455",1455,0.000474457923840266,1297
"1456",1456,0.000507145302150357,1419
"1457",1457,0.000488831596146437,1354
"1458",1458,0.000533618413792312,1516
"1459",1459,0.000554168363398722,1581
"1460",1460,0.000458145936089517,1223
"1461",1461,0.000274681769193152,1109
"1462",1462,0.000483010396682786,1330
"1463",1463,0.000579098492277017,1688
"1464",1464,0.00094938339064025,1954
"1465",1465,0.000998375837717071,1984
"1466",1466,0.000662424622341035,1777
"1467",1467,0.000187905373006843,1068
"1468",1468,9.77814162660676e-05,949
"1469",1469,4.97017892644135e-05,1
"1470",1470,4.97017892644135e-05,1
"1471",1471,4.97017892644135e-05,1
"1472",1472,0.000695269778754484,1815
"1473",1473,0.000586074938345372,1696
"1474",1474,0.00100163039846489,1992
"1475",1475,0.000547978671651191,1566
"1476",1476,0.000598812663559308,1708
"1477",1477,0.000528602281695713,1492
"1478",1478,0.000709212472729497,1843
"1479",1479,0.000923410446010796,1940
"1480",1480,0.000582572312407687,1690
"1481",1481,0.000304563321594638,1127
"1482",1482,6.15170349141531e-05,904
"1483",1483,4.97017892644135e-05,1
"1484",1484,4.97017892644135e-05,1
"1485",1485,0.000642949780683164,1757
"1486",1486,0.000534555128497867,1522
"1487",1487,0.000679176552227349,1792
"1488",1488,0.000393020287091357,1176
"1489",1489,4.97017892644135e-05,1
"1490",1490,4.97017892644135e-05,1
"1491",1491,4.97017892644135e-05,1
"1492",1492,4.97017892644135e-05,1
"1493",1493,4.97017892644135e-05,1
"1494",1494,4.97017892644135e-05,1
"1495",1495,4.97017892644135e-05,1
"1496",1496,4.97017892644135e-05,1
"1497",1497,4.97017892644135e-05,1
"1498",1498,4.97017892644135e-05,1
"1499",1499,4.97017892644135e-05,1
"1500",1500,4.97017892644135e-05,1
"1501",1501,0.00035496719858862,1156
"1502",1502,0.000653988127045391,1769
"1503",1503,0.000693027494118784,1812
"1504",1504,0.000572683295747302,1646
"1505",1505,0.000578932602430271,1687
"1506",1506,0.00101321287314645,2007
"1507",1507,0.000504113736343406,1410
"1508",1508,0.000470947873114853,1278
"1509",1509,0.000471401738015695,1284
"1510",1510,0.000112232700491336,1004
"1511",1511,0.000248492165184695,1095
"1512",1512,0.00057238691085452,1642
"1513",1513,0.000328003711559495,1141
"1514",1514,5.21284628713302e-05,885
"1515",1515,0.000558274431835946,1596
"1516",1516,0.000468125804217853,1263
"1517",1517,0.000520485240129145,1448
"1518",1518,0.000556952872530386,1591
"1519",1519,0.000497180153569154,1388
"1520",1520,0.000543224995138125,1549
"1521",1521,0.00057522559030262,1672
"1522",1522,0.00051495345461371,1439
"1523",1523,0.000710113649163156,1850
"1524",1524,0.000531352704600765,1506
"1525",1525,0.000571042577762456,1636
"1526",1526,0.000644261163064519,1760
"1527",1527,0.000534271664412996,1519
"1528",1528,0.000652782394176225,1768
"1529",1529,0.000259391245749889,1105
"1530",1530,4.97017892644135e-05,1
"1531",1531,4.97017892644135e-05,1
"1532",1532,4.97017892644135e-05,1
"1533",1533,4.97017892644135e-05,1
"1534",1534,4.97017892644135e-05,1
"1535",1535,4.97017892644135e-05,1
"1536",1536,4.97017892644135e-05,1
"1537",1537,4.97017892644135e-05,1
"1538",1538,4.97017892644135e-05,1
"1539",1539,4.97017892644135e-05,1
"1540",1540,0.000253505264323404,1102
"1541",1541,0.000527279430195516,1479
"1542",1542,0.00053749222855862,1532
"1543",1543,0.000702350649891498,1833
"1544",1544,0.000651527681505924,1767
"1545",1545,0.000602644209161434,1713
"1546",1546,0.000712566581241943,1863
"1547",1547,0.000542072630943018,1547
"1548",1548,0.000493670910163374,1375
"1549",1549,0.000529297978605676,1500
"1550",1550,0.000105879207888934,983
"1551",1551,0.00010773409691119,990
"1552",1552,4.97017892644135e-05,1
"1553",1553,5.57585220009053e-05,895
"1554",1554,0.000530062426065709,1502
"1555",1555,0.000302243406999012,1126
"1556",1556,0.000490373911170577,1361
"1557",1557,0.0004846435864246,1335
"1558",1558,0.000570186146230306,1627
"1559",1559,0.000418560373321992,1190
"1560",1560,0.0004554450331382,1220
"1561",1561,9.96236052553471e-05,968
"1562",1562,4.97017892644135e-05,1
"1563",1563,4.97017892644135e-05,1
"1564",1564,4.97017892644135e-05,1
"1565",1565,4.97017892644135e-05,1
"1566",1566,4.97017892644135e-05,1
"1567",1567,4.97017892644135e-05,1
"1568",1568,4.97017892644135e-05,1
"1569",1569,4.97017892644135e-05,1
"1570",1570,4.97017892644135e-05,1
"1571",1571,4.97017892644135e-05,1
"1572",1572,4.97017892644135e-05,1
"1573",1573,4.97017892644135e-05,1
"1574",1574,4.97017892644135e-05,1
"1575",1575,4.97017892644135e-05,1
"1576",1576,4.97017892644135e-05,1
"1577",1577,4.97017892644135e-05,1
"1578",1578,0.000105019078646789,980
"1579",1579,0.000527105510665237,1473
"1580",1580,0.000527379063700745,1481
"1581",1581,0.000527379063700745,1481
"1582",1582,0.000490481073484846,1362
"1583",1583,0.000293618046255414,1116
"1584",1584,0.000452661923801975,1218
"1585",1585,0.000566330351238569,1613
"1586",1586,0.000554968281036941,1583
"1587",1587,0.000501574630434399,1402
"1588",1588,0.000571252146374068,1637
"1589",1589,0.000475405752539512,1302
"1590",1590,9.85864851953006e-05,960
"1591",1591,4.97017892644135e-05,1
"1592",1592,4.97017892644135e-05,1
"1593",1593,9.84651174090639e-05,959
"1594",1594,5.15778126788348e-05,883
"1595",1595,7.71665559623517e-05,926
"1596",1596,0.000212174452001492,1076
"1597",1597,0.000107844498957162,991
"1598",1598,0.000109366641562638,1000
"1599",1599,4.97017892644135e-05,1
"1600",1600,0.000565989371191269,1611
"1601",1601,0.000540088900349537,1541
"1602",1602,0.000467659045549884,1258
"1603",1603,0.000466555872281886,1247
"1604",1604,0.000573701846571558,1656
"1605",1605,0.000334414507812052,1144
"1606",1606,0.000132133360255523,1026
"1607",1607,0.000144939947042684,1037
"1608",1608,0.00011891074664215,1008
"1609",1609,4.97017892644135e-05,1
"1610",1610,4.97017892644135e-05,1
"1611",1611,4.97017892644135e-05,1
"1612",1612,4.97017892644135e-05,1
"1613",1613,4.97017892644135e-05,1
"1614",1614,4.97017892644135e-05,1
"1615",1615,4.97017892644135e-05,1
"1616",1616,4.97017892644135e-05,1
"1617",1617,4.97017892644135e-05,1
"1618",1618,4.97017892644135e-05,1
"1619",1619,4.97017892644135e-05,1
"1620",1620,4.97017892644135e-05,1
"1621",1621,4.97017892644135e-05,1
"1622",1622,4.97017892644135e-05,1
"1623",1623,7.80751870189857e-05,929
"1624",1624,5.17981627178383e-05,884
"1625",1625,4.97017892644135e-05,1
"1626",1626,5.24031418158688e-05,889
"1627",1627,4.97017892644135e-05,1
"1628",1628,4.97017892644135e-05,1
"1629",1629,7.38589222202864e-05,917
"1630",1630,0.000133216983882189,1028
"1631",1631,0.000314037371491788,1129
"1632",1632,0.000370610037681571,1163
"1633",1633,0.000533899965469312,1517
"1634",1634,0.00048416560343802,1334
"1635",1635,0.000466022859842308,1226
"1636",1636,0.000641842640078582,1753
"1637",1637,0.000650284168988883,1765
"1638",1638,0.00095494699818011,1958
"1639",1639,0.000489404721534519,1356
"1640",1640,0.000767616689568177,1887
"1641",1641,0.000605730615106919,1716
"1642",1642,0.000907226115397433,1934
"1643",1643,0.000585186700144279,1695
"1644",1644,0.000752328796562008,1882
"1645",1645,0.0010066878378743,2002
"1646",1646,0.00092203585677789,1939
"1647",1647,0.000537547106786604,1533
"1648",1648,0.000994430235284883,1981
"1649",1649,0.000553491975535591,1578
"1650",1650,0.000514729950378556,1438
"1651",1651,0.000511126462549931,1429
"1652",1652,0.000466133180115533,1229
"1653",1653,0.000500138584906882,1396
"1654",1654,0.000570216261554693,1628
"1655",1655,0.000474215243203273,1295
"1656",1656,0.000570446182054419,1630
"1657",1657,0.000573759487140344,1657
"1658",1658,0.000466079938284101,1227
"1659",1659,0.000466377106736848,1242
"1660",1660,0.000470020188499253,1271
"1661",1661,0.000468852988279623,1264
"1662",1662,0.000539845999907992,1539
"1663",1663,0.000955091638814235,1959
"1664",1664,0.000833298595700525,1907
"1665",1665,0.000999645306896526,1986
"1666",1666,0.000753879513844857,1883
"1667",1667,0.00046624476563343,1234
"1668",1668,0.000482550617055537,1325
"1669",1669,0.00048097439997412,1317
"1670",1670,0.00055696683957552,1592
"1671",1671,0.00055403384480854,1579
"1672",1672,0.000550140601689914,1572
"1673",1673,0.000352430942645933,1154
"1674",1674,0.000119938220075124,1010
"1675",1675,7.49952216526861e-05,922
"1676",1676,9.7500428914414e-05,947
"1677",1677,4.97017892644135e-05,1
"1678",1678,4.97017892644135e-05,1
"1679",1679,4.97017892644135e-05,1
"1680",1680,4.97017892644135e-05,1
"1681",1681,4.97017892644135e-05,1
"1682",1682,4.97017892644135e-05,1
"1683",1683,4.97017892644135e-05,1
"1684",1684,4.97017892644135e-05,1
"1685",1685,4.97017892644135e-05,1
"1686",1686,4.97017892644135e-05,1
"1687",1687,4.97017892644135e-05,1
"1688",1688,4.97017892644135e-05,1
"1689",1689,4.97017892644135e-05,1
"1690",1690,4.97017892644135e-05,1
"1691",1691,4.97017892644135e-05,1
"1692",1692,4.97017892644135e-05,1
"1693",1693,4.97017892644135e-05,1
"1694",1694,4.97017892644135e-05,1
"1695",1695,4.97017892644135e-05,1
"1696",1696,4.97017892644135e-05,1
"1697",1697,4.97017892644135e-05,1
"1698",1698,4.97017892644135e-05,1
"1699",1699,4.97017892644135e-05,1
"1700",1700,4.97017892644135e-05,1
"1701",1701,4.97017892644135e-05,1
"1702",1702,4.97017892644135e-05,1
"1703",1703,4.97017892644135e-05,1
"1704",1704,4.97017892644135e-05,1
"1705",1705,4.97017892644135e-05,1
"1706",1706,4.97017892644135e-05,1
"1707",1707,4.97017892644135e-05,1
"1708",1708,4.97017892644135e-05,1
"1709",1709,4.97017892644135e-05,1
"1710",1710,4.97017892644135e-05,1
"1711",1711,4.97017892644135e-05,1
"1712",1712,4.97017892644135e-05,1
"1713",1713,4.97017892644135e-05,1
"1714",1714,4.97017892644135e-05,1
"1715",1715,4.97017892644135e-05,1
"1716",1716,4.97017892644135e-05,1
"1717",1717,4.97017892644135e-05,1
"1718",1718,4.97017892644135e-05,1
"1719",1719,4.97017892644135e-05,1
"1720",1720,4.97017892644135e-05,1
"1721",1721,4.97017892644135e-05,1
"1722",1722,4.97017892644135e-05,1
"1723",1723,4.97017892644135e-05,1
"1724",1724,4.97017892644135e-05,1
"1725",1725,4.97017892644135e-05,1
"1726",1726,4.97017892644135e-05,1
"1727",1727,4.97017892644135e-05,1
"1728",1728,4.97017892644135e-05,1
"1729",1729,4.97017892644135e-05,1
"1730",1730,4.97017892644135e-05,1
"1731",1731,4.97017892644135e-05,1
"1732",1732,4.97017892644135e-05,1
"1733",1733,4.97017892644135e-05,1
"1734",1734,4.97017892644135e-05,1
"1735",1735,4.97017892644135e-05,1
"1736",1736,4.97017892644135e-05,1
"1737",1737,4.97017892644135e-05,1
"1738",1738,4.97017892644135e-05,1
"1739",1739,4.97017892644135e-05,1
"1740",1740,4.97017892644135e-05,1
"1741",1741,4.97017892644135e-05,1
"1742",1742,4.97017892644135e-05,1
"1743",1743,4.97017892644135e-05,1
"1744",1744,4.97017892644135e-05,1
"1745",1745,4.97017892644135e-05,1
"1746",1746,4.97017892644135e-05,1
"1747",1747,4.97017892644135e-05,1
"1748",1748,4.97017892644135e-05,1
"1749",1749,4.97017892644135e-05,1
"1750",1750,4.97017892644135e-05,1
"1751",1751,4.97017892644135e-05,1
"1752",1752,4.97017892644135e-05,1
"1753",1753,4.97017892644135e-05,1
"1754",1754,4.97017892644135e-05,1
"1755",1755,4.97017892644135e-05,1
"1756",1756,4.97017892644135e-05,1
"1757",1757,4.97017892644135e-05,1
"1758",1758,4.97017892644135e-05,1
"1759",1759,4.97017892644135e-05,1
"1760",1760,4.97017892644135e-05,1
"1761",1761,4.97017892644135e-05,1
"1762",1762,4.97017892644135e-05,1
"1763",1763,4.97017892644135e-05,1
"1764",1764,4.97017892644135e-05,1
"1765",1765,4.97017892644135e-05,1
"1766",1766,4.97017892644135e-05,1
"1767",1767,4.97017892644135e-05,1
"1768",1768,4.97017892644135e-05,1
"1769",1769,4.97017892644135e-05,1
"1770",1770,4.97017892644135e-05,1
"1771",1771,4.97017892644135e-05,1
"1772",1772,4.97017892644135e-05,1
"1773",1773,4.97017892644135e-05,1
"1774",1774,4.97017892644135e-05,1
"1775",1775,4.97017892644135e-05,1
"1776",1776,4.97017892644135e-05,1
"1777",1777,4.97017892644135e-05,1
"1778",1778,4.97017892644135e-05,1
"1779",1779,4.97017892644135e-05,1
"1780",1780,4.97017892644135e-05,1
"1781",1781,4.97017892644135e-05,1
"1782",1782,4.97017892644135e-05,1
"1783",1783,4.97017892644135e-05,1
"1784",1784,4.97017892644135e-05,1
"1785",1785,4.97017892644135e-05,1
"1786",1786,4.97017892644135e-05,1
"1787",1787,4.97017892644135e-05,1
"1788",1788,4.97017892644135e-05,1
"1789",1789,4.97017892644135e-05,1
"1790",1790,4.97017892644135e-05,1
"1791",1791,4.97017892644135e-05,1
"1792",1792,4.97017892644135e-05,1
"1793",1793,4.97017892644135e-05,1
"1794",1794,4.97017892644135e-05,1
"1795",1795,4.97017892644135e-05,1
"1796",1796,4.97017892644135e-05,1
"1797",1797,4.97017892644135e-05,1
"1798",1798,4.97017892644135e-05,1
"1799",1799,4.97017892644135e-05,1
"1800",1800,4.97017892644135e-05,1
"1801",1801,4.97017892644135e-05,1
"1802",1802,4.97017892644135e-05,1
"1803",1803,4.97017892644135e-05,1
"1804",1804,4.97017892644135e-05,1
"1805",1805,4.97017892644135e-05,1
"1806",1806,4.97017892644135e-05,1
"1807",1807,4.97017892644135e-05,1
"1808",1808,4.97017892644135e-05,1
"1809",1809,7.79625652371199e-05,928
"1810",1810,6.63922847125929e-05,907
"1811",1811,9.93178951221491e-05,965
"1812",1812,9.73214789265908e-05,945
"1813",1813,0.000100302739508179,973
"1814",1814,9.86469133419324e-05,961
"1815",1815,9.78602619001724e-05,950
"1816",1816,0.00015714793120898,1047
"1817",1817,0.000558163379585104,1594
"1818",1818,0.000946892288015278,1950
"1819",1819,0.000492201750021166,1371
"1820",1820,0.00052696999304798,1466
"1821",1821,0.000576689599903123,1685
"1822",1822,0.000547117817368504,1563
"1823",1823,8.68726904813792e-05,936
"1824",1824,4.97017892644135e-05,1
"1825",1825,4.97017892644135e-05,1
"1826",1826,4.97017892644135e-05,1
"1827",1827,4.97017892644135e-05,1
"1828",1828,4.97017892644135e-05,1
"1829",1829,0.000396275405224859,1178
"1830",1830,4.97017892644135e-05,1
"1831",1831,4.97017892644135e-05,1
"1832",1832,4.97017892644135e-05,1
"1833",1833,4.97017892644135e-05,1
"1834",1834,4.97017892644135e-05,1
"1835",1835,4.97017892644135e-05,1
"1836",1836,4.97017892644135e-05,1
"1837",1837,4.97017892644135e-05,1
"1838",1838,4.97017892644135e-05,1
"1839",1839,4.97017892644135e-05,1
"1840",1840,4.97017892644135e-05,1
"1841",1841,4.97017892644135e-05,1
"1842",1842,4.97017892644135e-05,1
"1843",1843,4.97017892644135e-05,1
"1844",1844,4.97017892644135e-05,1
"1845",1845,4.97017892644135e-05,1
"1846",1846,4.97017892644135e-05,1
"1847",1847,4.97017892644135e-05,1
"1848",1848,4.97017892644135e-05,1
"1849",1849,4.97017892644135e-05,1
"1850",1850,4.97017892644135e-05,1
"1851",1851,4.97017892644135e-05,1
"1852",1852,4.97017892644135e-05,1
"1853",1853,4.97017892644135e-05,1
"1854",1854,4.97017892644135e-05,1
"1855",1855,4.97017892644135e-05,1
"1856",1856,4.97017892644135e-05,1
"1857",1857,4.97017892644135e-05,1
"1858",1858,4.97017892644135e-05,1
"1859",1859,4.97017892644135e-05,1
"1860",1860,4.97017892644135e-05,1
"1861",1861,4.97017892644135e-05,1
"1862",1862,4.97017892644135e-05,1
"1863",1863,4.97017892644135e-05,1
"1864",1864,4.97017892644135e-05,1
"1865",1865,4.97017892644135e-05,1
"1866",1866,4.97017892644135e-05,1
"1867",1867,4.97017892644135e-05,1
"1868",1868,4.97017892644135e-05,1
"1869",1869,4.97017892644135e-05,1
"1870",1870,4.97017892644135e-05,1
"1871",1871,4.97017892644135e-05,1
"1872",1872,4.97017892644135e-05,1
"1873",1873,4.97017892644135e-05,1
"1874",1874,4.97017892644135e-05,1
"1875",1875,4.97017892644135e-05,1
"1876",1876,0.000243789192943415,1090
"1877",1877,0.000619796022211482,1730
"1878",1878,0.000527142449809809,1474
"1879",1879,0.000533151433048873,1514
"1880",1880,0.000577283757244305,1686
"1881",1881,4.97017892644135e-05,1
"1882",1882,4.97017892644135e-05,1
"1883",1883,4.97017892644135e-05,1
"1884",1884,4.97017892644135e-05,1
"1885",1885,4.97017892644135e-05,1
"1886",1886,4.97017892644135e-05,1
"1887",1887,4.97017892644135e-05,1
"1888",1888,4.97017892644135e-05,1
"1889",1889,4.97017892644135e-05,1
"1890",1890,4.97017892644135e-05,1
"1891",1891,4.97017892644135e-05,1
"1892",1892,4.97017892644135e-05,1
"1893",1893,4.97017892644135e-05,1
"1894",1894,4.97017892644135e-05,1
"1895",1895,4.97017892644135e-05,1
"1896",1896,4.97017892644135e-05,1
"1897",1897,4.97017892644135e-05,1
"1898",1898,4.97017892644135e-05,1
"1899",1899,4.97017892644135e-05,1
"1900",1900,4.97017892644135e-05,1
"1901",1901,4.97017892644135e-05,1
"1902",1902,4.97017892644135e-05,1
"1903",1903,4.97017892644135e-05,1
"1904",1904,4.97017892644135e-05,1
"1905",1905,4.97017892644135e-05,1
"1906",1906,4.97017892644135e-05,1
"1907",1907,4.97017892644135e-05,1
"1908",1908,4.97017892644135e-05,1
"1909",1909,4.97017892644135e-05,1
"1910",1910,4.97017892644135e-05,1
"1911",1911,4.97017892644135e-05,1
"1912",1912,0.000174323400638927,1055
"1913",1913,0.000112249381408463,1005
"1914",1914,0.000252961171045361,1101
"1915",1915,0.000397909770407141,1179
"1916",1916,0.000398925599087004,1181
"1917",1917,0.00029010310055624,1115
"1918",1918,0.000456088465670106,1221
"1919",1919,0.000700723217320149,1827
"1920",1920,0.000434029290159222,1200
"1921",1921,4.97017892644135e-05,1
"1922",1922,4.97017892644135e-05,1
"1923",1923,4.97017892644135e-05,1
"1924",1924,4.97017892644135e-05,1
"1925",1925,4.97017892644135e-05,1
"1926",1926,4.97017892644135e-05,1
"1927",1927,4.97017892644135e-05,1
"1928",1928,4.97017892644135e-05,1
"1929",1929,4.97017892644135e-05,1
"1930",1930,4.97017892644135e-05,1
"1931",1931,4.97017892644135e-05,1
"1932",1932,4.97017892644135e-05,1
"1933",1933,4.97017892644135e-05,1
"1934",1934,4.97017892644135e-05,1
"1935",1935,4.97017892644135e-05,1
"1936",1936,4.97017892644135e-05,1
"1937",1937,4.97017892644135e-05,1
"1938",1938,4.97017892644135e-05,1
"1939",1939,4.97017892644135e-05,1
"1940",1940,4.97017892644135e-05,1
"1941",1941,4.97017892644135e-05,1
"1942",1942,4.97017892644135e-05,1
"1943",1943,4.97017892644135e-05,1
"1944",1944,4.97017892644135e-05,1
"1945",1945,4.97017892644135e-05,1
"1946",1946,4.97017892644135e-05,1
"1947",1947,0.000352393922703955,1153
"1948",1948,0.000681434675628839,1796
"1949",1949,0.000528864571754315,1493
"1950",1950,0.000570673811157417,1632
"1951",1951,0.000229586578071484,1083
"1952",1952,0.000229810993172535,1085
"1953",1953,4.97017892644135e-05,1
"1954",1954,4.97017892644135e-05,1
"1955",1955,4.97017892644135e-05,1
"1956",1956,4.97017892644135e-05,1
"1957",1957,4.97017892644135e-05,1
"1958",1958,4.97017892644135e-05,1
"1959",1959,4.97017892644135e-05,1
"1960",1960,4.97017892644135e-05,1
"1961",1961,4.97017892644135e-05,1
"1962",1962,4.97017892644135e-05,1
"1963",1963,4.97017892644135e-05,1
"1964",1964,4.97017892644135e-05,1
"1965",1965,4.97017892644135e-05,1
"1966",1966,4.97017892644135e-05,1
"1967",1967,4.97017892644135e-05,1
"1968",1968,4.97017892644135e-05,1
"1969",1969,4.97017892644135e-05,1
"1970",1970,4.97017892644135e-05,1
"1971",1971,4.97017892644135e-05,1
"1972",1972,4.97017892644135e-05,1
"1973",1973,4.97017892644135e-05,1
"1974",1974,4.97017892644135e-05,1
"1975",1975,4.97017892644135e-05,1
"1976",1976,4.97017892644135e-05,1
"1977",1977,4.97017892644135e-05,1
"1978",1978,4.97017892644135e-05,1
"1979",1979,4.97017892644135e-05,1
"1980",1980,4.97017892644135e-05,1
"1981",1981,4.97017892644135e-05,1
"1982",1982,4.97017892644135e-05,1
"1983",1983,4.97017892644135e-05,1
"1984",1984,4.97017892644135e-05,1
"1985",1985,4.97017892644135e-05,1
"1986",1986,4.97017892644135e-05,1
"1987",1987,4.97017892644135e-05,1
"1988",1988,4.97017892644135e-05,1
"1989",1989,4.97017892644135e-05,1
"1990",1990,4.97017892644135e-05,1
"1991",1991,4.97017892644135e-05,1
"1992",1992,4.97017892644135e-05,1
"1993",1993,4.97017892644135e-05,1
"1994",1994,4.97017892644135e-05,1
"1995",1995,4.97017892644135e-05,1
"1996",1996,4.97017892644135e-05,1
"1997",1997,4.97017892644135e-05,1
"1998",1998,4.97017892644135e-05,1
"1999",1999,4.97017892644135e-05,1
"2000",2000,4.97017892644135e-05,1
"2001",2001,4.97017892644135e-05,1
"2002",2002,4.97017892644135e-05,1
"2003",2003,4.97017892644135e-05,1
"2004",2004,4.97017892644135e-05,1
"2005",2005,4.97017892644135e-05,1
"2006",2006,0.000132386897840998,1027
"2007",2007,0.000167316398521896,1052
"2008",2008,0.000281046588737497,1113
"2009",2009,0.000423362340682543,1192
"2010",2010,0.000582967845432631,1692
"2011",2011,0.000540174150083151,1542
"2012",2012,0.00101332540445747,2008
